{"_timestamp":1.7659379624606102e+09,"episode":142,"mean_loss":4.701063598905291,"_step":142,"epsilon":0.51283,"episode_reward":56,"_wandb":{"runtime":195},"_runtime":195,"total_steps":5414}